{"cameraMode":{"drawMode":0,"name":"Shaded","section":"Shading Mode"},"sceneLighting":true,"audioPlay":false,"sceneViewState":{"showFog":true,"showMaterialUpdate":false,"showSkybox":true,"showFlares":true,"showImageEffects":true,"showParticleSystems":true},"in2DMode":false,"pivot":{"x":-2.1818604469299318,"y":2.582967758178711,"z":2.3604562282562258},"rotation":{"x":-0.15344849228858949,"y":0.8197887539863586,"z":-0.25791653990745547,"w":-0.4877340495586395},"size":17.722261428833009,"orthographic":false}